id,porcentaje,tipo
"(' (1)', 0.9961)",es una ardilla
"(' (10)', 0.9848)",es una ardilla
"(' (100)', 0.9855)",es una ardilla
"(' (101)', 0.9915)",es una ardilla
"(' (102)', 0.9862)",es una ardilla
"(' (103)', 0.9942)",es una ardilla
"(' (104)', 0.995)",es una ardilla
"(' (105)', 0.9942)",es una ardilla
"(' (106)', 0.9878)",es una ardilla
"(' (107)', 0.9987)",es una ardilla
"(' (108)', 0.996)",es una ardilla
"(' (109)', 0.9974)",es una ardilla
"(' (11)', 0.9792)",es una ardilla
"(' (110)', 0.999)",es una ardilla
"(' (111)', 0.9928)",es una ardilla
"(' (112)', 0.979)",es una ardilla
"(' (113)', 0.9895)",es una ardilla
"(' (114)', 0.9889)",es una ardilla
"(' (115)', 0.9939)",es una ardilla
"(' (116)', 0.9983)",es una ardilla
"(' (117)', 0.9691)",es una ardilla
"(' (118)', 0.99)",es una ardilla
"(' (119)', 0.8345)",es una ardilla
"(' (12)', 0.9866)",es una ardilla
"(' (120)', 0.9951)",es una ardilla
"(' (121)', 0.992)",es una ardilla
"(' (122)', 0.993)",es una ardilla
"(' (123)', 0.9903)",es una ardilla
"(' (124)', 0.9713)",es una ardilla
"(' (125)', 0.9609)",es una ardilla
"(' (126)', 0.9981)",es una ardilla
"(' (127)', 0.9943)",es una ardilla
"(' (128)', 0.999)",es una ardilla
"(' (129)', 0.99)",es una ardilla
"(' (13)', 0.975)",es una ardilla
"(' (130)', 0.9325)",es una ardilla
"(' (131)', 0.9928)",es una ardilla
"(' (132)', 0.9742)",es una ardilla
"(' (133)', 0.9988)",es una ardilla
"(' (134)', 0.9564)",es una ardilla
"(' (135)', 0.9247)",es una ardilla
"(' (136)', 0.9473)",es una ardilla
"(' (137)', 0.9822)",es una ardilla
"(' (138)', 0.9777)",es un caballo
"(' (139)', 0.9937)",es un caballo
"(' (14)', 0.9963)",es una ardilla
"(' (140)', 0.999)",es un caballo
"(' (141)', 0.999)",es un caballo
"(' (142)', 0.9984)",es un caballo
"(' (143)', 0.9625)",es un caballo
"(' (144)', 0.9972)",es un caballo
"(' (145)', 0.9986)",es un caballo
"(' (146)', 0.9333)",es un caballo
"(' (147)', 0.9891)",es un caballo
"(' (148)', 0.9878)",es un caballo
"(' (149)', 0.9144)",es un caballo
"(' (15)', 0.4599)",puede ser ardilla
"(' (150)', 0.9234)",es un caballo
"(' (151)', 0.999)",es un caballo
"(' (152)', 0.9948)",es un caballo
"(' (153)', 0.6354)",es un caballo
"(' (154)', 0.9984)",es un caballo
"(' (155)', 0.9788)",es un caballo
"(' (156)', 0.9947)",es un caballo
"(' (157)', 0.9879)",es un caballo
"(' (158)', 0.999)",es un caballo
"(' (159)', 0.9905)",es un caballo
"(' (16)', 0.9744)",es una ardilla
"(' (160)', 0.998)",es un caballo
"(' (161)', 0.9945)",es un caballo
"(' (162)', 0.9129)",es un caballo
"(' (163)', 0.7646)",es un caballo
"(' (164)', 0.9966)",es un caballo
"(' (165)', 0.939)",es un caballo
"(' (166)', 0.999)",es un caballo
"(' (167)', 0.9852)",es un caballo
"(' (168)', 0.9936)",es un caballo
"(' (169)', 0.999)",es un caballo
"(' (17)', 0.9904)",es una ardilla
"(' (170)', 0.999)",es un caballo
"(' (171)', 0.8142)",es un caballo
"(' (172)', 0.6546)",es un caballo
"(' (173)', 0.9913)",es un caballo
"(' (174)', 0.9924)",es un caballo
"(' (175)', 0.7091)",es un caballo
"(' (176)', 0.9893)",es un caballo
"(' (177)', 0.9422)",es un caballo
"(' (178)', 0.9921)",es un caballo
"(' (179)', 0.9933)",es un caballo
"(' (18)', 0.993)",es una ardilla
"(' (180)', 0.9969)",es un caballo
"(' (181)', 0.9943)",es un caballo
"(' (182)', 0.9967)",es un caballo
"(' (183)', 0.9928)",es un caballo
"(' (184)', 0.9864)",es un caballo
"(' (185)', 0.9731)",es un caballo
"(' (186)', 0.9848)",es un caballo
"(' (187)', 0.9984)",es un caballo
"(' (188)', 0.9971)",es un caballo
"(' (189)', 0.9907)",es un caballo
"(' (19)', 0.9903)",es una ardilla
"(' (190)', 0.9967)",es un caballo
"(' (191)', 0.9977)",es un caballo
"(' (192)', 0.9946)",es un caballo
"(' (193)', 0.9978)",es un caballo
"(' (194)', 0.984)",es un caballo
"(' (195)', 0.9454)",es un caballo
"(' (196)', 0.9927)",es un caballo
"(' (197)', 0.9895)",es un caballo
"(' (198)', 0.9986)",es un caballo
"(' (199)', 0.9948)",es un caballo
"(' (2)', 0.9842)",es una ardilla
"(' (20)', 0.6893)",es una ardilla
"(' (200)', 0.9212)",es un caballo
"(' (201)', 0.9851)",es un caballo
"(' (202)', 0.999)",es un caballo
"(' (203)', 0.984)",es un caballo
"(' (204)', 0.984)",es un caballo
"(' (205)', 0.9762)",es un caballo
"(' (206)', 0.9848)",es un caballo
"(' (207)', 0.9854)",es un caballo
"(' (208)', 0.9279)",es un caballo
"(' (209)', 0.9879)",es un caballo
"(' (21)', 0.9987)",es una ardilla
"(' (210)', 0.9973)",es un caballo
"(' (211)', 0.8992)",es un caballo
"(' (212)', 0.998)",es un caballo
"(' (213)', 0.6417)",es una oveja
"(' (214)', 0.9918)",es un caballo
"(' (215)', 0.9859)",es un caballo
"(' (216)', 0.9828)",es un caballo
"(' (217)', 0.9882)",es una oveja
"(' (218)', 0.9944)",es un caballo
"(' (219)', 0.9975)",es un caballo
"(' (22)', 0.972)",es una ardilla
"(' (220)', 0.999)",es un caballo
"(' (221)', 0.9019)",es un caballo
"(' (222)', 0.9615)",es un caballo
"(' (223)', 0.9966)",es un caballo
"(' (224)', 0.999)",es un caballo
"(' (225)', 0.9971)",es un caballo
"(' (226)', 0.9889)",es un caballo
"(' (227)', 0.9891)",es un caballo
"(' (228)', 0.9926)",es un caballo
"(' (229)', 0.9813)",es un caballo
"(' (23)', 0.9955)",es una ardilla
"(' (230)', 0.9835)",es un caballo
"(' (231)', 0.9873)",es un caballo
"(' (232)', 0.9632)",es un caballo
"(' (233)', 0.9983)",es un caballo
"(' (234)', 0.7604)",es un caballo
"(' (235)', 0.9899)",es un caballo
"(' (236)', 0.9987)",es un caballo
"(' (237)', 0.9879)",es un caballo
"(' (238)', 0.992)",es un caballo
"(' (239)', 0.999)",es un caballo
"(' (24)', 0.9945)",es una ardilla
"(' (240)', 0.9973)",es un caballo
"(' (241)', 0.8812)",es un caballo
"(' (242)', 0.9941)",es un caballo
"(' (243)', 0.9963)",es un caballo
"(' (244)', 0.972)",es un caballo
"(' (245)', 0.9858)",es un caballo
"(' (246)', 0.9613)",es un caballo
"(' (247)', 0.9351)",es un caballo
"(' (248)', 0.9956)",es un caballo
"(' (249)', 0.9031)",es un caballo
"(' (25)', 0.9909)",es una ardilla
"(' (250)', 0.9918)",es un caballo
"(' (251)', 0.8664)",es un caballo
"(' (252)', 0.9758)",es un caballo
"(' (253)', 0.9954)",es un caballo
"(' (254)', 0.999)",es un caballo
"(' (255)', 0.9847)",es un caballo
"(' (256)', 0.9915)",es un caballo
"(' (257)', 0.9778)",es un caballo
"(' (258)', 0.9908)",es un caballo
"(' (259)', 0.9979)",es un caballo
"(' (26)', 0.9801)",es una ardilla
"(' (260)', 0.945)",es un caballo
"(' (261)', 0.9891)",es un caballo
"(' (262)', 0.9945)",es un caballo
"(' (263)', 0.9887)",es un caballo
"(' (264)', 0.9503)",es un caballo
"(' (265)', 0.9936)",es un caballo
"(' (266)', 0.9388)",es un caballo
"(' (267)', 0.9941)",es un caballo
"(' (268)', 0.9847)",es un caballo
"(' (269)', 0.9946)",es un caballo
"(' (27)', 0.9975)",es una ardilla
"(' (270)', 0.9829)",es un caballo
"(' (271)', 0.9965)",es un caballo
"(' (272)', 0.7044)",es un caballo
"(' (273)', 0.7439)",es un caballo
"(' (274)', 0.9958)",es un caballo
"(' (275)', 0.953)",es un caballo
"(' (276)', 0.7926)",es una oveja
"(' (277)', 0.9854)",es un caballo
"(' (278)', 0.9711)",es un elefante
"(' (279)', 0.9798)",es un elefante
"(' (28)', 0.9929)",es una ardilla
"(' (280)', 0.9983)",es un elefante
"(' (281)', 0.9978)",es un elefante
"(' (282)', 0.9976)",es un elefante
"(' (283)', 0.9965)",es un elefante
"(' (284)', 0.992)",es un elefante
"(' (285)', 0.9799)",es un elefante
"(' (286)', 0.9876)",es un elefante
"(' (287)', 0.999)",es un elefante
"(' (288)', 0.993)",es un elefante
"(' (289)', 0.9978)",es un elefante
"(' (29)', 0.9935)",es una ardilla
"(' (290)', 0.9963)",es un elefante
"(' (291)', 0.6054)",puede ser oveja
"(' (292)', 0.9975)",es un elefante
"(' (293)', 0.9856)",es un elefante
"(' (294)', 0.9941)",es un elefante
"(' (295)', 0.9935)",es un elefante
"(' (296)', 0.9951)",es un elefante
"(' (297)', 0.8155)",es un elefante
"(' (298)', 0.4623)",puede ser caballo
"(' (299)', 0.9684)",es un elefante
"(' (3)', 0.9765)",es una ardilla
"(' (30)', 0.9729)",es una ardilla
"(' (300)', 0.9976)",es un elefante
"(' (301)', 0.9988)",es un elefante
"(' (302)', 0.9939)",es un elefante
"(' (303)', 0.9949)",es un elefante
"(' (304)', 0.9984)",es un elefante
"(' (305)', 0.9698)",es un elefante
"(' (306)', 0.9964)",es un elefante
"(' (307)', 0.9099)",es un elefante
"(' (308)', 0.9871)",es un elefante
"(' (309)', 0.996)",es un elefante
"(' (31)', 0.9442)",es una ardilla
"(' (310)', 0.976)",es un elefante
"(' (311)', 0.9588)",es un elefante
"(' (312)', 0.9985)",es un elefante
"(' (313)', 0.9525)",es un elefante
"(' (314)', 0.9579)",es un elefante
"(' (315)', 0.9888)",es un elefante
"(' (316)', 0.9707)",es un elefante
"(' (317)', 0.9747)",es un elefante
"(' (318)', 0.9714)",es un elefante
"(' (319)', 0.5839)",es un elefante
"(' (32)', 0.9966)",es una ardilla
"(' (320)', 0.9902)",es un elefante
"(' (321)', 0.9925)",es un elefante
"(' (322)', 0.9976)",es un elefante
"(' (323)', 0.9176)",es un elefante
"(' (324)', 0.9931)",es un elefante
"(' (325)', 0.9885)",es un elefante
"(' (326)', 0.9984)",es un elefante
"(' (327)', 0.9977)",es un elefante
"(' (328)', 0.9973)",es un elefante
"(' (329)', 0.9721)",es un elefante
"(' (33)', 0.9949)",es una ardilla
"(' (330)', 0.9888)",es un elefante
"(' (331)', 0.9934)",es un elefante
"(' (332)', 0.9987)",es un elefante
"(' (333)', 0.999)",es un elefante
"(' (334)', 0.997)",es un elefante
"(' (335)', 0.9923)",es un elefante
"(' (336)', 0.9988)",es un elefante
"(' (337)', 0.9488)",es un elefante
"(' (338)', 0.988)",es un elefante
"(' (339)', 0.998)",es un elefante
"(' (34)', 0.9209)",es una ardilla
"(' (340)', 0.9768)",es un elefante
"(' (341)', 0.9631)",es un elefante
"(' (342)', 0.993)",es un elefante
"(' (343)', 0.9988)",es un elefante
"(' (344)', 0.9648)",es un elefante
"(' (345)', 0.9972)",es un elefante
"(' (346)', 0.999)",es un elefante
"(' (347)', 0.9919)",es un elefante
"(' (348)', 0.9715)",es un elefante
"(' (349)', 0.985)",es un elefante
"(' (35)', 0.9597)",es una ardilla
"(' (350)', 0.9657)",es un elefante
"(' (351)', 0.997)",es un elefante
"(' (352)', 0.704)",es un elefante
"(' (353)', 0.9011)",es un elefante
"(' (354)', 0.9982)",es un elefante
"(' (355)', 0.9975)",es un elefante
"(' (356)', 0.9597)",es un elefante
"(' (357)', 0.9925)",es un elefante
"(' (358)', 0.9739)",es un elefante
"(' (359)', 0.9586)",es un elefante
"(' (36)', 0.9946)",es una ardilla
"(' (360)', 0.9963)",es un elefante
"(' (361)', 0.9984)",es un elefante
"(' (362)', 0.9282)",es un elefante
"(' (363)', 0.9525)",es un elefante
"(' (364)', 0.9936)",es un elefante
"(' (365)', 0.9905)",es un elefante
"(' (366)', 0.9946)",es un elefante
"(' (367)', 0.9983)",es un elefante
"(' (368)', 0.999)",es un elefante
"(' (369)', 0.9962)",es un elefante
"(' (37)', 0.9969)",es una ardilla
"(' (370)', 0.9975)",es un elefante
"(' (371)', 0.9926)",es un elefante
"(' (372)', 0.9977)",es un elefante
"(' (373)', 0.999)",es un elefante
"(' (374)', 0.9195)",es un elefante
"(' (375)', 0.9851)",es un elefante
"(' (376)', 0.9983)",es un elefante
"(' (377)', 0.9414)",es un elefante
"(' (378)', 0.9726)",es un elefante
"(' (379)', 0.9589)",es un elefante
"(' (38)', 0.9656)",es una ardilla
"(' (380)', 0.9987)",es un elefante
"(' (381)', 0.989)",es un elefante
"(' (382)', 0.9933)",es un elefante
"(' (383)', 0.994)",es un elefante
"(' (384)', 0.9924)",es un elefante
"(' (385)', 0.999)",es un elefante
"(' (386)', 0.9948)",es un elefante
"(' (387)', 0.9925)",es un elefante
"(' (388)', 0.9744)",es un elefante
"(' (389)', 0.9969)",es un elefante
"(' (39)', 0.996)",es una ardilla
"(' (390)', 0.9896)",es un elefante
"(' (391)', 0.9756)",es un elefante
"(' (392)', 0.9531)",es un elefante
"(' (393)', 0.7807)",es un elefante
"(' (394)', 0.9357)",es un elefante
"(' (395)', 0.9985)",es un elefante
"(' (396)', 0.7828)",es un elefante
"(' (397)', 0.9984)",es un elefante
"(' (398)', 0.9903)",es un elefante
"(' (399)', 0.9886)",es un elefante
"(' (4)', 0.9934)",es una ardilla
"(' (40)', 0.998)",es una ardilla
"(' (400)', 0.9848)",es un elefante
"(' (401)', 0.9972)",es un elefante
"(' (402)', 0.9981)",es un elefante
"(' (403)', 0.9918)",es un elefante
"(' (404)', 0.9306)",es un elefante
"(' (405)', 0.9612)",es un elefante
"(' (406)', 0.9904)",es un elefante
"(' (407)', 0.9977)",es un elefante
"(' (408)', 0.9978)",es un elefante
"(' (409)', 0.9851)",es un elefante
"(' (41)', 0.9851)",es una ardilla
"(' (410)', 0.9933)",es un elefante
"(' (411)', 0.999)",es un elefante
"(' (412)', 0.9943)",es un elefante
"(' (413)', 0.8865)",es un elefante
"(' (414)', 0.9927)",es un elefante
"(' (415)', 0.984)",es un elefante
"(' (416)', 0.9965)",es un elefante
"(' (417)', 0.9987)",es un elefante
"(' (418)', 0.981)",es una mariposa
"(' (419)', 0.9819)",es una mariposa
"(' (42)', 0.9984)",es una ardilla
"(' (420)', 0.9966)",es una mariposa
"(' (421)', 0.9897)",es una mariposa
"(' (422)', 0.9889)",es una mariposa
"(' (423)', 0.9716)",es una mariposa
"(' (424)', 0.9969)",es una mariposa
"(' (425)', 0.978)",es una mariposa
"(' (426)', 0.9926)",es una mariposa
"(' (427)', 0.9192)",es una mariposa
"(' (428)', 0.6158)",es una mariposa
"(' (429)', 0.999)",es una mariposa
"(' (43)', 0.8719)",es una ardilla
"(' (430)', 0.9787)",es una mariposa
"(' (431)', 0.9958)",es una mariposa
"(' (432)', 0.999)",es una mariposa
"(' (433)', 0.9711)",es una mariposa
"(' (434)', 0.9936)",es una mariposa
"(' (435)', 0.9965)",es una mariposa
"(' (436)', 0.9969)",es una mariposa
"(' (437)', 0.9939)",es una mariposa
"(' (438)', 0.9975)",es una mariposa
"(' (439)', 0.9702)",es una mariposa
"(' (44)', 0.9982)",es una ardilla
"(' (440)', 0.9646)",es una mariposa
"(' (441)', 0.6924)",es una mariposa
"(' (442)', 0.9981)",es una mariposa
"(' (443)', 0.9714)",es una mariposa
"(' (444)', 0.9975)",es una mariposa
"(' (445)', 0.999)",es una mariposa
"(' (446)', 0.9979)",es una mariposa
"(' (447)', 0.999)",es una mariposa
"(' (448)', 0.9962)",es una mariposa
"(' (449)', 0.9988)",es una mariposa
"(' (45)', 0.9905)",es una ardilla
"(' (450)', 0.999)",es una mariposa
"(' (451)', 0.9937)",es una mariposa
"(' (452)', 0.9951)",es una mariposa
"(' (453)', 0.9918)",es una mariposa
"(' (454)', 0.9913)",es una mariposa
"(' (455)', 0.9981)",es una mariposa
"(' (456)', 0.9349)",es una mariposa
"(' (457)', 0.9958)",es una mariposa
"(' (458)', 0.9983)",es una mariposa
"(' (459)', 0.9987)",es una mariposa
"(' (46)', 0.8381)",es una ardilla
"(' (460)', 0.9938)",es una mariposa
"(' (461)', 0.8457)",es una mariposa
"(' (462)', 0.9677)",es una mariposa
"(' (463)', 0.9863)",es una mariposa
"(' (464)', 0.9918)",es una mariposa
"(' (465)', 0.9987)",es una mariposa
"(' (466)', 0.9978)",es una mariposa
"(' (467)', 0.999)",es una mariposa
"(' (468)', 0.999)",es una mariposa
"(' (469)', 0.996)",es una mariposa
"(' (47)', 0.9978)",es una ardilla
"(' (470)', 0.9977)",es una mariposa
"(' (471)', 0.9914)",es una mariposa
"(' (472)', 0.9984)",es una mariposa
"(' (473)', 0.999)",es una mariposa
"(' (474)', 0.9936)",es una mariposa
"(' (475)', 0.9854)",es una mariposa
"(' (476)', 0.9931)",es una mariposa
"(' (477)', 0.9977)",es una mariposa
"(' (478)', 0.9975)",es una mariposa
"(' (479)', 0.9814)",es una mariposa
"(' (48)', 0.994)",es una ardilla
"(' (480)', 0.9788)",es una mariposa
"(' (481)', 0.999)",es una mariposa
"(' (482)', 0.9969)",es una mariposa
"(' (483)', 0.9972)",es una mariposa
"(' (484)', 0.6933)",es una mariposa
"(' (485)', 0.999)",es una mariposa
"(' (486)', 0.9849)",es una mariposa
"(' (487)', 0.9728)",es una mariposa
"(' (488)', 0.9867)",es una mariposa
"(' (489)', 0.9989)",es una mariposa
"(' (49)', 0.9988)",es una ardilla
"(' (490)', 0.8899)",es una mariposa
"(' (491)', 0.9468)",es una mariposa
"(' (492)', 0.9986)",es una mariposa
"(' (493)', 0.99)",es una mariposa
"(' (494)', 0.9848)",es una mariposa
"(' (495)', 0.999)",es una mariposa
"(' (496)', 0.9984)",es una mariposa
"(' (497)', 0.9988)",es una mariposa
"(' (498)', 0.995)",es una mariposa
"(' (499)', 0.999)",es una mariposa
"(' (5)', 0.9948)",es una ardilla
"(' (50)', 0.9708)",es una ardilla
"(' (500)', 0.9984)",es una mariposa
"(' (501)', 0.9942)",es una mariposa
"(' (502)', 0.9811)",es una mariposa
"(' (503)', 0.9947)",es una mariposa
"(' (504)', 0.9809)",es una mariposa
"(' (505)', 0.993)",es una mariposa
"(' (506)', 0.9987)",es una mariposa
"(' (507)', 0.9879)",es una mariposa
"(' (508)', 0.9965)",es una mariposa
"(' (509)', 0.9723)",es una mariposa
"(' (51)', 0.9945)",es una ardilla
"(' (510)', 0.9929)",es una mariposa
"(' (511)', 0.9353)",es una mariposa
"(' (512)', 0.9924)",es una mariposa
"(' (513)', 0.9918)",es una mariposa
"(' (514)', 0.9909)",es una mariposa
"(' (515)', 0.9919)",es una mariposa
"(' (516)', 0.9977)",es una mariposa
"(' (517)', 0.999)",es una mariposa
"(' (518)', 0.9737)",es una mariposa
"(' (519)', 0.9905)",es una mariposa
"(' (52)', 0.9807)",es una ardilla
"(' (520)', 0.9775)",es una mariposa
"(' (521)', 0.9972)",es una mariposa
"(' (522)', 0.9593)",es una mariposa
"(' (523)', 0.9975)",es una mariposa
"(' (524)', 0.9762)",es una mariposa
"(' (525)', 0.9749)",es una mariposa
"(' (526)', 0.9942)",es una mariposa
"(' (527)', 0.7749)",es una ardilla
"(' (528)', 0.9986)",es una mariposa
"(' (529)', 0.987)",es una mariposa
"(' (53)', 0.9967)",es una ardilla
"(' (530)', 0.8481)",es una mariposa
"(' (531)', 0.9972)",es una mariposa
"(' (532)', 0.9705)",es una mariposa
"(' (533)', 0.9901)",es una mariposa
"(' (534)', 0.9978)",es una mariposa
"(' (535)', 0.9983)",es una mariposa
"(' (536)', 0.9975)",es una mariposa
"(' (537)', 0.9744)",es una mariposa
"(' (538)', 0.9943)",es una mariposa
"(' (539)', 0.9967)",es una mariposa
"(' (54)', 0.9928)",es una ardilla
"(' (540)', 0.9832)",es una mariposa
"(' (541)', 0.9977)",es una mariposa
"(' (542)', 0.9862)",es una mariposa
"(' (543)', 0.8247)",es una mariposa
"(' (544)', 0.9969)",es una mariposa
"(' (545)', 0.999)",es una mariposa
"(' (546)', 0.9972)",es una mariposa
"(' (547)', 0.9911)",es una mariposa
"(' (548)', 0.986)",es una mariposa
"(' (549)', 0.9711)",es una mariposa
"(' (55)', 0.9931)",es una ardilla
"(' (550)', 0.9909)",es una mariposa
"(' (551)', 0.9886)",es una mariposa
"(' (552)', 0.9918)",es una mariposa
"(' (553)', 0.9963)",es una mariposa
"(' (554)', 0.999)",es una mariposa
"(' (555)', 0.9921)",es una mariposa
"(' (556)', 0.9885)",es una mariposa
"(' (557)', 0.9957)",es una mariposa
"(' (558)', 0.9918)",es una oveja
"(' (559)', 0.9864)",es una oveja
"(' (56)', 0.9843)",es una ardilla
"(' (560)', 0.9478)",es una oveja
"(' (561)', 0.7286)",es una oveja
"(' (562)', 0.9813)",es una oveja
"(' (563)', 0.9834)",es una oveja
"(' (564)', 0.5638)",es un caballo
"(' (565)', 0.92)",es una oveja
"(' (566)', 0.9273)",es una oveja
"(' (567)', 0.9989)",es una oveja
"(' (568)', 0.7609)",es una oveja
"(' (569)', 0.9433)",es una oveja
"(' (57)', 0.7515)",es una ardilla
"(' (570)', 0.999)",es una oveja
"(' (571)', 0.9303)",es una oveja
"(' (572)', 0.9669)",es una oveja
"(' (573)', 0.6805)",es una oveja
"(' (574)', 0.9549)",es una oveja
"(' (575)', 0.8761)",es una oveja
"(' (576)', 0.9721)",es una oveja
"(' (577)', 0.9942)",es una oveja
"(' (578)', 0.9339)",es una oveja
"(' (579)', 0.6004)",es una oveja
"(' (58)', 0.9931)",es una ardilla
"(' (580)', 0.9833)",es una oveja
"(' (581)', 0.9726)",es una oveja
"(' (582)', 0.9543)",es una oveja
"(' (583)', 0.9981)",es una oveja
"(' (584)', 0.9641)",es una oveja
"(' (585)', 0.9894)",es una oveja
"(' (586)', 0.3765)",puede ser oveja
"(' (587)', 0.6926)",es una oveja
"(' (588)', 0.9894)",es una oveja
"(' (589)', 0.9807)",es una oveja
"(' (59)', 0.9135)",es una ardilla
"(' (590)', 0.9786)",es una oveja
"(' (591)', 0.7014)",es una oveja
"(' (592)', 0.9922)",es una oveja
"(' (593)', 0.9925)",es una oveja
"(' (594)', 0.9167)",es una oveja
"(' (595)', 0.9967)",es una oveja
"(' (596)', 0.9567)",es una oveja
"(' (597)', 0.5011)",puede ser oveja
"(' (598)', 0.9917)",es una oveja
"(' (599)', 0.8984)",es una oveja
"(' (6)', 0.9879)",es una ardilla
"(' (60)', 0.9968)",es una ardilla
"(' (600)', 0.6606)",es una oveja
"(' (601)', 0.9514)",es una oveja
"(' (602)', 0.975)",es una oveja
"(' (603)', 0.8919)",es una oveja
"(' (604)', 0.987)",es una oveja
"(' (605)', 0.6696)",es una oveja
"(' (606)', 0.9629)",es una oveja
"(' (607)', 0.9583)",es una oveja
"(' (608)', 0.6596)",es una oveja
"(' (609)', 0.7829)",es una oveja
"(' (61)', 0.9948)",es una ardilla
"(' (610)', 0.9826)",es una oveja
"(' (611)', 0.9303)",es una oveja
"(' (612)', 0.956)",es una oveja
"(' (613)', 0.9823)",es una oveja
"(' (614)', 0.964)",es una oveja
"(' (615)', 0.7913)",es una oveja
"(' (616)', 0.996)",es una oveja
"(' (617)', 0.9409)",es una oveja
"(' (618)', 0.9988)",es una oveja
"(' (619)', 0.5139)",puede ser caballo
"(' (62)', 0.9906)",es una ardilla
"(' (620)', 0.9858)",es una oveja
"(' (621)', 0.9773)",es una oveja
"(' (622)', 0.9966)",es una oveja
"(' (623)', 0.9883)",es una oveja
"(' (624)', 0.9759)",es una oveja
"(' (625)', 0.9884)",es una oveja
"(' (626)', 0.9861)",es una oveja
"(' (627)', 0.9869)",es una oveja
"(' (628)', 0.9885)",es una oveja
"(' (629)', 0.9153)",es una oveja
"(' (63)', 0.8765)",es una ardilla
"(' (630)', 0.843)",es una oveja
"(' (631)', 0.5067)",puede ser oveja
"(' (632)', 0.9442)",es una oveja
"(' (633)', 0.9446)",es una oveja
"(' (634)', 0.9729)",es una oveja
"(' (635)', 0.5728)",puede ser oveja
"(' (636)', 0.993)",es una oveja
"(' (637)', 0.998)",es una oveja
"(' (638)', 0.9876)",es una oveja
"(' (639)', 0.8465)",es una oveja
"(' (64)', 0.9633)",es una ardilla
"(' (640)', 0.9877)",es una oveja
"(' (641)', 0.9462)",es una oveja
"(' (642)', 0.9033)",es una oveja
"(' (643)', 0.9343)",es una oveja
"(' (644)', 0.9837)",es una oveja
"(' (645)', 0.9681)",es una oveja
"(' (646)', 0.9887)",es una oveja
"(' (647)', 0.945)",es una oveja
"(' (648)', 0.9922)",es una oveja
"(' (649)', 0.9847)",es una oveja
"(' (65)', 0.9984)",es una ardilla
"(' (650)', 0.999)",es una oveja
"(' (651)', 0.5676)",es un caballo
"(' (652)', 0.9933)",es una oveja
"(' (653)', 0.9891)",es una oveja
"(' (654)', 0.9664)",es una oveja
"(' (655)', 0.9801)",es una oveja
"(' (656)', 0.9351)",es una oveja
"(' (657)', 0.999)",es una oveja
"(' (658)', 0.4321)",puede ser caballo
"(' (659)', 0.99)",es una oveja
"(' (66)', 0.9954)",es una ardilla
"(' (660)', 0.9889)",es una oveja
"(' (661)', 0.9146)",es una oveja
"(' (662)', 0.999)",es una oveja
"(' (663)', 0.9687)",es una oveja
"(' (664)', 0.9711)",es una oveja
"(' (665)', 0.893)",es una oveja
"(' (666)', 0.5976)",puede ser oveja
"(' (667)', 0.9829)",es una oveja
"(' (668)', 0.9966)",es una oveja
"(' (669)', 0.9003)",es una oveja
"(' (67)', 0.9944)",es una ardilla
"(' (670)', 0.9975)",es una oveja
"(' (671)', 0.9279)",es una oveja
"(' (672)', 0.999)",es una oveja
"(' (673)', 0.9858)",es una oveja
"(' (674)', 0.9689)",es una oveja
"(' (675)', 0.9899)",es una oveja
"(' (676)', 0.9293)",es una oveja
"(' (677)', 0.9979)",es una oveja
"(' (678)', 0.9639)",es una oveja
"(' (679)', 0.9965)",es una oveja
"(' (68)', 0.9622)",es una ardilla
"(' (680)', 0.9765)",es una oveja
"(' (681)', 0.9777)",es una oveja
"(' (682)', 0.5661)",es una oveja
"(' (683)', 0.9081)",es una oveja
"(' (684)', 0.8473)",es una oveja
"(' (685)', 0.9805)",es una oveja
"(' (686)', 0.5326)",puede ser oveja
"(' (687)', 0.9774)",es una oveja
"(' (688)', 0.9816)",es una oveja
"(' (689)', 0.9954)",es una oveja
"(' (69)', 0.993)",es una ardilla
"(' (690)', 0.7611)",es una oveja
"(' (691)', 0.994)",es una oveja
"(' (692)', 0.985)",es una oveja
"(' (693)', 0.9693)",es una oveja
"(' (694)', 0.9935)",es una oveja
"(' (695)', 0.9798)",es una oveja
"(' (696)', 0.8156)",es una oveja
"(' (697)', 0.9981)",es una oveja
"(' (698)', 0.9965)",es una ardilla
"(' (699)', 0.7231)",es una ardilla
"(' (7)', 0.9723)",es una ardilla
"(' (70)', 0.991)",es una ardilla
"(' (700)', 0.9879)",es una ardilla
"(' (71)', 0.9141)",es una ardilla
"(' (72)', 0.8595)",es una ardilla
"(' (73)', 0.9822)",es una ardilla
"(' (74)', 0.9567)",es una ardilla
"(' (75)', 0.9978)",es una ardilla
"(' (76)', 0.9984)",es una ardilla
"(' (77)', 0.6015)",es una ardilla
"(' (78)', 0.9813)",es una ardilla
"(' (79)', 0.997)",es una ardilla
"(' (8)', 0.9988)",es una ardilla
"(' (80)', 0.9899)",es una ardilla
"(' (81)', 0.9954)",es una ardilla
"(' (82)', 0.9898)",es una ardilla
"(' (83)', 0.9962)",es una ardilla
"(' (84)', 0.9975)",es una ardilla
"(' (85)', 0.9945)",es una ardilla
"(' (86)', 0.9948)",es una ardilla
"(' (87)', 0.9959)",es una ardilla
"(' (88)', 0.8956)",es una ardilla
"(' (89)', 0.9093)",es una ardilla
"(' (9)', 0.9135)",es una ardilla
"(' (90)', 0.9949)",es una ardilla
"(' (91)', 0.8383)",es una ardilla
"(' (92)', 0.4404)",puede ser ardilla
"(' (93)', 0.9886)",es una ardilla
"(' (94)', 0.9883)",es una ardilla
"(' (95)', 0.9417)",es una ardilla
"(' (96)', 0.9898)",es una ardilla
"(' (97)', 0.9946)",es una ardilla
"(' (98)', 0.9893)",es una ardilla
"(' (99)', 0.9912)",es una ardilla
